{"cameraMode":{"drawMode":0,"name":"Shaded","section":"Shading Mode"},"sceneLighting":true,"audioPlay":false,"sceneViewState":{"m_AlwaysRefresh":false,"showFog":true,"showSkybox":true,"showFlares":true,"showImageEffects":true,"showParticleSystems":true,"showVisualEffectGraphs":true,"m_FxEnabled":true},"in2DMode":false,"pivot":{"x":2.5825576782226564,"y":1.4441113471984864,"z":2.221989631652832},"rotation":{"x":0.16253255307674409,"y":-0.8284031748771668,"z":0.4407762587070465,"w":0.30527186393737795},"size":3.5728840827941896,"orthographic":false}